"","Arr","Dep","Airline","Curr_Time","FlightNo","FareVar","FareSD","FareMean","CorFareDifnDays","covFareDifnDays"
"1","BOM","BDQ","6E","M",568,1154334.11850873,1074.39942223957,3714.93251533742,-0.79145557267764,-1801.26961774422
"2","BOM","BDQ","6E","E",446,1668731.42743569,1291.79387962464,3561.87654320988,-0.845344892705579,-2327.61090089057
"3","DEL","BDQ","6E","M",591,15737098.2554371,3967.00116655353,12498.9642857143,-0.537533927380732,-4525.67718550107
"4","DEL","BDQ","6E","E",488,3479246.90826789,1865.27394992475,5647.28099173554,-0.473221474875451,-1942.70223929221
"5","DEL","BDQ","6E","E",162,3117841.34706017,1765.74101924947,5371.82978723404,-0.380820619902031,-1280.63829787234
"6","BDQ","BLR","6E","M",759,387282.920255864,622.320592826449,4798.07142857143,-0.318709440850423,-420.944136460554
"7","BOM","BLR","6E","M",456,493686.725640201,702.628440671313,3776.56209150327,-0.275043176841856,-393.977970641809
"8","BOM","BLR","6E","E",474,2222975.9048951,1490.96475642287,4966.81818181818,-0.523642650719073,-1566.73426573427
"9","BOM","BLR","6E","E",756,1804015.3699115,1343.13639289221,5553.08849557522,-0.313795480141931,-857.797010816126
"10","BOM","BLR","6E","E",9483,692633.413043478,832.246005123172,4934.25,-0.728367061668482,-1704.41304347826
"11","BOM","BLR","G8","M",395,450477.255384615,671.176024143157,4274.84615384615,-0.93441919539439,-1526.73846153846
"12","BOM","BLR","G8","M",318,473928.017538365,688.424300514127,3866.51612903226,-0.240032518389749,-344.953961791419
"13","BOM","BLR","SG","M",438,960950.159914712,980.280653647063,3582.03571428571,-0.48898786985667,-1017.33475479744
"14","BOM","BLR","SG","E",418,3765877.39872068,1940.58686966615,4750.78571428571,-0.509453672387077,-2098.2302771855
"15","CCU","BLR","6E","M",713,1344669.37899452,1159.59880087663,7099.9756097561,-0.3735671537686,-940.063713290194
"16","CCU","BLR","6E","E",349,1821060.07109372,1349.46658761665,7311.96396396396,-0.154905990352837,-432.353634177164
"17","CCU","BLR","6E","M",339,785757.263673469,886.429502934931,7029.96,0.055120315564221,99.7730612244898
"18","CCU","BLR","6E","E",676,910034.843657817,953.9574642812,6396.66666666667,-0.688494874405135,-1417.13864306785
"19","CCU","BLR","SG","E",517,825035.447761194,908.314619369959,5780.25,-0.318520813769864,-614.029850746269
"20","DEL","BLR","6E","M",816,484933.998491841,696.372025925683,5430.03875968992,0.145681181113045,203.355080988146
"21","DEL","BLR","6E","E",768,1774047.27990708,1331.93366197686,5998.80952380952,-0.625258151864609,-2077.21254355401
"22","DEL","BLR","6E","E",106,708217.402672148,841.556535636286,5555.51428571429,0.334875342508881,520.82076053443
"23","DEL","BLR","6E","M",132,298115.330769231,545.999387150966,6014.55,0.390239817267479,504.65
"24","DEL","BLR","6E","M",126,804272.916666667,896.812643012277,5387.875,-0.815538217114989,-821.791666666667
"25","DEL","BLR","6E","E",122,583948.242857143,764.165062572965,5662.60714285714,0.10837803919762,111.672727272727
"26","DEL","BLR","6E","M",714,9792,98.9545350148238,5675,0.661437827766148,56
"27","DEL","BLR","G8","M",116,533229.814356787,730.225865302502,5582.69047619048,0.113247779377433,175.510163468372
"28","DEL","BLR","G8","E",118,393578.84428504,627.358624938751,5622.44171779141,-0.311910384702291,-413.830108541765
"29","DEL","BLR","G8","E",285,1602779.73333333,1266.0093733197,7604.8,-0.814854997338776,-2441.24444444444
"30","DEL","BLR","SG","M",136,593722.343581727,770.533804308238,4041.92105263158,0.280772710830771,473.70818134445
"31","DEL","BLR","SG","E",198,496432.142004264,704.579407876972,3894.53571428571,-0.0831411353647259,-124.325799573561
"32","DEL","BLR","SG","M",192,527033.225806452,725.970540591319,4232.25,-0.0800610943824098,-76.3548387096774
"33","HYD","BLR","6E","M",602,542683.097275956,736.670277176944,2871.42767295597,-0.168833291795748,-259.679602404619
"34","HYD","BLR","6E","E",638,298715.486743825,546.548704823116,3931.71034482759,-0.294420298907268,-328.648705405083
"35","HYD","BLR","6E","M",328,39511.2087912088,198.774265917922,2948.14285714286,-0.853912563829966,-326.153846153846
"36","HYD","BLR","SG","M",1034,8355085.83866382,2890.5165349231,3661.84523809524,-0.552477284894381,-3389.26282871357
"37","HYD","BLR","SG","E",1036,783222.951180646,884.998842474184,2469.45762711864,-0.461371689956203,-977.369839200348
"38","HYD","BLR","SG","E",1039,75992.1040037205,275.666653775389,1871.73394495413,0.140463683429616,75.1036654969771
"39","MAA","BLR","6E","M",233,218541.524091892,467.484250100356,1761.15243902439,-0.293661408607551,-289.603789065414
"40","MAA","BLR","6E","E",729,57976.4507462687,240.782995135181,1895.25,-0.207736306887795,-106.158208955224
"41","MAA","BLR","6E","M",541,41297.3571428571,203.217511900075,1546.75,-1,-376.285714285714
"42","MAA","BLR","SG","M",3302,1001949.44474058,1000.97424779091,1652.17261904762,-0.30870247395527,-655.810518834399
"43","MAA","BLR","SG","E",3310,51185.6444995864,226.242446281829,943.858974358974,0.297968145481338,150.709594706369
"44","MAA","BLR","SG","E",1033,80322.7797422835,283.412737438322,1095.16901408451,-0.100378063813657,-57.2580161821996
"45","MAA","BLR","SG","E",3308,62495.0327169275,249.990065236456,1060.68421052632,0.320960770209976,168.069701280228
"46","PNQ","BLR","6E","M",408,1586104.67058675,1259.406475522,3566.91017964072,-0.441818693055916,-1176.88464512417
"47","PNQ","BLR","6E","E",528,2629036.19446821,1621.43029281811,4240.7380952381,-0.0947681184864708,-315.171941830624
"48","PNQ","BLR","6E","E",718,1300958.30738523,1140.59559326925,3937.33333333333,-0.485834456316669,-1164.60279441118
"49","PNQ","BLR","G8","M",283,1729367.47334755,1315.0541712597,3686.03571428571,-0.4581142595614,-1278.59445628998
"50","PNQ","BLR","SG","E",528,745709.500923952,863.544730123432,2362.27380952381,-0.111468149009728,-204.291826581379
"51","BDQ","BOM","6E","M",567,2073143.90788913,1439.84162597458,2706.85714285714,-0.62962603756598,-1924.03411513859
"52","BLR","BOM","6E","M",236,3430795.75039662,1852.24073770032,6382.29032258064,-0.0188066208162073,-59.6234796404019
"53","BLR","BOM","6E","E",415,807340.943892617,898.521532236494,4871.68,0.144984479164844,278.556510067114
"54","BLR","BOM","6E","M",199,1187145.85437979,1089.56223061365,5524.20149253731,-0.151523992295099,-342.671082788306
"55","BLR","BOM","6E","E",473,270404.879120879,520.004691441221,4164.42857142857,-0.280241913940892,-440.637362637363
"56","BLR","BOM","6E","E",463,794174.494456098,891.164684250952,4893.12676056338,0.167937201541168,295.830786135251
"57","BLR","BOM","6E","M",715,1841722.4,1357.10073318085,4592,-0.118652586428932,-220
"58","BLR","BOM","6E","E",799,937816.616091954,968.409322596573,5055.06666666667,0.295904960400034,292.264367816092
"59","BLR","BOM","G8","M",317,6165224.36659559,2482.98698478176,5825.94047619048,-0.290762519253953,-1532.24506041222
"60","BLR","BOM","G8","E",396,292422.091431557,540.760660025817,4302.52272727273,-0.124337585942809,-151.168756530826
"61","BLR","BOM","G8","E",325,588251.558247355,766.975591689433,4802.33064516129,0.182597457192361,282.197923468721
"62","BLR","BOM","SG","M",435,5322239.87206823,2306.99802168711,5829.35714285714,-0.495367409222571,-2425.43710021322
"63","BLR","BOM","SG","E",415,727417.821606254,852.887930273523,4436.79761904762,-0.304275264532585,-550.774697938877
"64","CCU","BOM","6E","M",321,1036943.66367002,1018.30430798952,8713.51612903226,-0.138316423897143,-295.695928080381
"65","CCU","BOM","6E","E",325,733421.48323603,856.400305485717,8240.94545454545,-0.30515841908477,-604.445371142619
"66","CCU","BOM","6E","M",319,908454.181545948,953.128628017199,8784.15328467153,-0.45115873740357,-915.909761771076
"67","CCU","BOM","6E","E",595,142404.128002716,377.364714835285,7231.05194805195,-0.15597772559438,-106.876835582718
"68","CCU","BOM","6E","E",395,528150.61971831,726.739719375727,8604.83333333333,-0.119572822249124,-196.201877934272
"69","CCU","BOM","G8","M",101,2576520.89462676,1605.15447687341,12355.7966101695,-0.707002726536427,-2264.61680490444
"70","CCU","BOM","G8","M",532,1285175.04686869,1133.65561211008,14291.06,-0.654508282046051,-954.993939393939
"71","CCU","BOM","SG","E",487,833391.51189677,912.902794330684,6728.26829268293,-0.481357546226556,-919.079585291266
"72","DEL","BOM","6E","M",205,943449.191441441,971.313127390669,5875.125,-0.260594525859915,-575.722972972973
"73","DEL","BOM","6E","E",186,788016.457795004,887.702910773083,5822.73148148148,-0.132840363899366,-255.809732988803
"74","DEL","BOM","6E","M",964,379730.448880823,616.222726683155,5992.27586206897,-0.130891659562457,-134.43557168784
"75","DEL","BOM","6E","M",184,976235.70288656,988.046407253505,6183.56756756757,-0.327952454284681,-589.899981614267
"76","DEL","BOM","6E","E",192,164682.564516129,405.810996051276,5406.375,0.174060143284703,120.354838709677
"77","DEL","BOM","6E","E",248,189675.484081633,435.51748998362,5154.84,-0.305165225390927,-216.161632653061
"78","DEL","BOM","G8","M",329,270664.262573915,520.254036576282,5573.94252873563,0.0222284329541778,25.3993090160122
"79","DEL","BOM","G8","E",339,444760.313001046,666.903526007357,5484.71052631579,0.055485827369081,83.8112582781457
"80","DEL","BOM","G8","M",319,401553.730812325,633.682673593278,5573.98333333333,-0.317022862565963,-415.341736694678
"81","DEL","BOM","G8","M",327,288268.422764228,536.906344499884,5494.66666666667,-0.559792896077555,-565.869918699187
"82","DEL","BOM","G8","E",341,104971.189516129,323.992576328732,4875.3125,-0.672701944156388,-563.879032258065
"83","DEL","BOM","SG","M",160,962228.289876317,980.932357441795,4717.45945945946,-0.183410052884875,-372.578103527256
"84","DEL","BOM","SG","E",154,519506.056872933,720.767685785741,3453.8904109589,-0.15385421868908,-205.416438356164
"85","DEL","BOM","SG","E",158,540216.689501532,734.994346577939,3885.57894736842,-0.0634790257985673,-107.695349484823
"86","DEL","BOM","SG","M",152,1048798.52307692,1024.10864808228,5023.8,-0.749381017305861,-1343.38461538462
"87","HYD","BOM","6E","M",461,2165373.57521761,1471.52083750711,4080.24285714286,-0.401489047804527,-1254.80527393753
"88","HYD","BOM","6E","E",628,165746.407807598,407.119648024507,2686.94736842105,0.0192364010716086,17.1422098292088
"89","HYD","BOM","6E","E",254,155273.00063118,394.046952318097,2723.77551020408,-0.0424426447469605,-26.7797180727961
"90","HYD","BOM","6E","E",234,45038.2161422709,212.222091550976,2436.74418604651,0.591262827513458,306.573734610123
"91","HYD","BOM","SG","M",421,3789728.83976546,1946.72258931915,2624.41071428571,-0.352790097423336,-1457.59147121535
"92","MAA","BOM","6E","M",377,660850.248414657,812.926963764062,4700.66956521739,-0.103285368298755,-185.62251756218
"93","MAA","BOM","6E","E",459,1135366.92653673,1065.53598087382,4427.8275862069,-0.147583359760662,-326.253673163418
"94","MAA","BOM","6E","M",431,562395.023899371,749.93001266743,4417.28301886792,0.116665142386378,159.254627133872
"95","MAA","BOM","6E","E",549,762234.430188679,873.060381754137,4658.6,0.535918150014634,1029.49937106918
"96","MAA","BOM","G8","M",305,434062.032907159,658.833843170764,4793.19760479042,0.179315927174019,251.482512452572
"97","MAA","BOM","G8","E",303,691976.584506041,831.85129951575,4759.69047619048,0.132065420283695,233.157924662402
"98","MAA","BOM","SG","M",611,1470265.86265103,1212.54520025071,4535.50595238095,0.537143389711485,1382.3039090263
"99","BLR","CCU","6E","M",379,652665.090156794,807.876902848939,7446.9375,-0.214881917413474,-366.577743902439
"100","BLR","CCU","6E","E",716,425029.451933124,651.942828730499,6771.29545454545,-0.287908281834184,-348.595872518286
"101","BLR","CCU","6E","E",342,650649.752248216,806.628633417024,7464.47154471545,-0.0585047197975699,-102.847088103534
"102","BLR","CCU","6E","M",345,610078.758985201,781.07538623695,7175.40909090909,-0.245440267730818,-414.455602536998
"103","BLR","CCU","G8","M",113,3295399.52921109,1815.32353293045,15235.4285714286,-0.747341265319242,-2879.30959488273
"104","BLR","CCU","G8","E",102,3295399.52921109,1815.32353293045,15235.4285714286,-0.747341265319242,-2879.30959488273
"105","BLR","CCU","SG","M",514,1110986.14072495,1054.0332730635,5929.35714285714,-0.397145554400851,-888.422174840085
"106","BLR","CCU","SG","E",658,780311.211798152,883.352258047803,6093.34523809524,-0.03394483525665,-63.6389481165601
"107","BOM","CCU","6E","M",318,1500674.84678945,1225.02034545939,7186.51219512195,0.00239915374885451,6.28222996515679
"108","BOM","CCU","6E","E",388,1675053.19029068,1294.23845959339,7886.7323943662,-0.44826846156587,-1422.27609629408
"109","BOM","CCU","6E","M",462,154019.153058677,392.452739904663,6280.35555555556,-0.0845959765669691,-67.7375780274657
"110","BOM","CCU","6E","E",588,798019.82287271,893.319552496591,8141.03092783505,0.223331169616077,356.271139362214
"111","BOM","CCU","G8","M",368,1323299.92389937,1150.34774042433,15561.775,-0.702952621131723,-1711.06352201258
"112","BOM","CCU","G8","E",537,5917196.12200121,2432.52875049838,12554.6202531646,-0.646844044600978,-3199.08848704039
"113","BOM","CCU","G8","M",330,3673448.84987013,1916.62433717986,14585.8636363636,-0.63537607692107,-2596.45818181818
"114","BOM","CCU","SG","M",488,747236.58493248,864.428472999635,5454.65476190476,-0.500216895064486,-917.70433546553
"115","DEL","CCU","6E","M",746,111294.353652022,333.608083912878,4186.38787878788,0.0346778391474787,24.2905959288938
"116","DEL","CCU","6E","E",224,32365.1906976744,179.903281508911,4102.44186046512,-0.266095485369429,-98.9948016415869
"117","DEL","CCU","6E","E",476,155842.412938005,394.768809479682,4300.60377358491,0.259899860697836,228.872416891285
"118","DEL","CCU","G8","E",102,54575.5812011372,233.614171661604,4242.47023809524,0.170587735504364,84.5789623312011
"119","DEL","CCU","SG","M",242,160350.149218195,400.437447322543,3258.50595238095,0.131419645374859,111.688983653163
"120","DEL","CCU","SG","E",264,67123.8629082774,259.082733713147,2669.38666666667,-0.0420395946775049,-21.8735570469799
"121","DEL","CCU","SG","E",254,63495.697994769,251.983527229002,2675.61290322581,0.0851365722935398,47.4877070619006
"122","HYD","CCU","6E","M",788,3110059.05373134,1763.53595192481,6973.25,-0.815541396393448,-3052.42985074627
"123","HYD","CCU","6E","E",354,893066.797885971,945.022115024813,6325.26785714286,-0.567119075799284,-1124.61467008328
"124","HYD","CCU","SG","E",673,516674.27289005,718.800579361237,3866.07638888889,-0.428511873309863,-642.810443283004
"125","MAA","CCU","6E","M",271,318407.674647572,564.27623966243,4470.91463414634,-0.133019056330598,-161.148131573059
"126","MAA","CCU","6E","E",291,515307.055337691,717.848908432471,4934.23529411765,-0.0804646890262401,-138.891067538126
"127","MAA","CCU","6E","E",534,183930.096884422,428.870722810991,4382.44,0.0800717266962153,65.6988944723618
"128","BDQ","DEL","6E","M",702,7906512.26652452,2811.85210609031,4119.32142857143,-0.491492309709426,-2933.08443496802
"129","BDQ","DEL","6E","E",775,3124007.50191898,1767.48620982427,4886.85714285714,-0.461505536376007,-1731.20426439232
"130","BLR","DEL","6E","M",133,780624.522635259,883.529582207217,5917.86713286713,-0.013124869034277,-24.2582995951417
"131","BLR","DEL","6E","E",141,998567.486984127,999.283486796478,5998.25396825397,0.187460898762788,383.588825396825
"132","BLR","DEL","6E","E",131,1150854.93372825,1072.77907032541,6599.56756756757,0.0538998338510891,122.101443909663
"133","BLR","DEL","6E","M",109,293875.282758621,542.102649650987,5998.6,0.616731171416354,757.744827586207
"134","BLR","DEL","6E","E",963,2309665.50724638,1519.75837133617,6620,0.0887450337905823,306.971014492754
"135","BLR","DEL","6E","E",691,485887.695560254,697.056450770132,5800.54545454545,0.0209068373840861,31.4080338266385
"136","BLR","DEL","G8","M",113,623178.875690061,789.416794659235,6010.77844311377,0.079788255472757,133.754365143587
"137","BLR","DEL","G8","E",117,1079528.36584169,1039.00354467234,6249.90666666667,0.0203733185451807,44.2541360089186
"138","BLR","DEL","G8","E",396,568070.759358289,753.70468975474,7613.70588235294,-0.0976926921472082,-83.7914438502674
"139","BLR","DEL","G8","M",317,0,0,7008,NA,0
"140","BLR","DEL","SG","M",191,821029.915422886,906.107011021814,4599.41666666667,0.0222881720694833,42.8616915422886
"141","BLR","DEL","SG","E",197,1668956.36985215,1291.88094259964,5312.06779661017,0.384964388369152,1033.26462315182
"142","BLR","DEL","SG","E",143,1044236.79353535,1021.87905034566,4631.88,0.141458540048033,263.901414141414
"143","BOM","DEL","6E","M",933,0,0,7332,NA,0
"144","BOM","DEL","6E","E",665,251687.675741077,501.684837065141,4708.79310344828,0.519550100497095,584.275862068965
"145","BOM","DEL","6E","M",171,489142.759832692,699.387417553885,4845.40163934426,-0.209035756041225,-281.475983269244
"146","BOM","DEL","6E","E",129,339740.536434109,582.872658849348,4969.05555555556,-0.344657274317579,-400.113695090439
"147","BOM","DEL","6E","E",843,325385.105820106,570.425372700151,5089.07142857143,0.0901657732107743,73.5740740740741
"148","BOM","DEL","6E","E",185,844193.61038961,918.800092723989,4880.09090909091,-0.883822400767227,-1976.1645021645
"149","BOM","DEL","G8","M",330,948282.661246612,973.798059787866,5218.97222222222,-0.385952242504188,-785.128532713899
"150","BOM","DEL","G8","E",342,379275.026833218,615.853088677176,4858.56060606061,-0.618688600293986,-834.662155910248
"151","BOM","DEL","G8","E",340,298796.266666667,546.622599849902,4924.33333333333,-0.217272390906402,-247.628070175439
"152","BOM","DEL","G8","M",334,1492337.73015873,1221.6127578569,5509.38888888889,-0.305900470026771,-881.806349206349
"153","BOM","DEL","SG","M",157,2533248.10742715,1591.61807838035,3921.74404761905,-0.410760238242417,-1387.53077469794
"154","BOM","DEL","SG","E",159,290012.055188679,538.527673558824,3580.7125,-0.472400917007063,-559.476179245283
"155","BOM","DEL","SG","E",169,156192.538051948,395.212016583438,3602.60227272727,-0.33285722673087,-270.060974025974
"156","CCU","DEL","6E","M",861,303056.870950082,550.506013545794,4505.81690140845,-0.3811060632967,-431.759617777335
"157","CCU","DEL","6E","E",299,181787.543812509,426.365504951455,4311.37931034483,-0.229519517748227,-212.438871473354
"158","CCU","DEL","6E","M",219,160566.375886525,400.707344437964,4307.91666666667,-0.277569606496938,-207.962765957447
"159","CCU","DEL","6E","E",307,417525.147368421,646.161858490906,4725.1,-0.64361948278171,-797.115789473684
"160","CCU","DEL","G8","E",537,2872302.41179815,1694.78683373401,11168.9880952381,-0.717123723631494,-2579.43468372424
"161","CCU","DEL","G8","M",101,465056.637355919,681.950612109058,4620.59880239521,-0.185342537382357,-267.332596069123
"162","CCU","DEL","SG","M",263,223108.195860531,472.343302969917,3110.17964071856,-0.296799204759342,-297.550952149755
"163","CCU","DEL","SG","E",253,619407.903198294,787.024715748047,3604.96428571429,-0.0619570859697289,-103.489125799574
"164","HYD","DEL","6E","M",765,158721.920283954,398.399197142708,3674.95483870968,-0.153413534573063,-129.254828270174
"165","HYD","DEL","6E","E",767,195570.091313131,442.233073517949,3916.64,0.02518109901381,24.809696969697
"166","HYD","DEL","6E","E",689,132253.990920506,363.667418007863,4190.19607843137,-0.115173786981535,-85.1967545638945
"167","HYD","DEL","6E","E",9767,169600.606060606,411.825941461446,5463.66666666667,-0.942990333582889,-545.030303030303
"168","HYD","DEL","6E","M",303,44979.3777777778,212.083421741959,4179.6,0.958372715006831,290.622222222222
"169","HYD","DEL","SG","M",123,461584.475586354,679.400085065018,2739.08928571429,-0.145467093436869,-209.751812366738
"170","HYD","DEL","SG","E",125,351777.225550817,593.108106124691,2982.85119047619,0.258710377195952,325.658990760483
"171","MAA","DEL","6E","M",285,206222.856090903,454.11766767095,4551.62921348315,-0.378213372260336,-357.944074144607
"172","MAA","DEL","6E","E",429,594770.683048646,771.213772600468,4978.40845070423,-0.291758529888708,-485.82609129957
"173","MAA","DEL","6E","M",606,443276.656179775,665.79024938773,4635.53333333333,-0.113213390788726,-159.041198501873
"174","MAA","DEL","6E","E",519,316500.39943316,562.583682160405,4986.71232876712,0.060033756056873,66.5061880018895
"175","MAA","DEL","6E","E",613,438716.673635308,662.356908045283,5755.7619047619,-0.396629521405758,-624.926829268293
"176","MAA","DEL","6E","M",859,684828.096728307,827.543410781759,4815.8947368421,-0.473825944005198,-1010.679943101
"177","MAA","DEL","G8","E",303,2231553.71553412,1493.838584163,13088.8872180451,-0.596715806673999,-1644.4435239041
"178","MAA","DEL","G8","M",305,5698174.09198047,2387.08485227913,13230.8416666667,-0.405994168563806,-2023.5739888424
"179","MAA","DEL","SG","M",107,920292.543248045,959.318791251399,3454.42261904762,-0.221847542840754,-451.682160625444
"180","MAA","DEL","SG","E",109,969404.960305615,984.583648201419,4212.77976190476,-0.0781701342324335,-163.346126510306
"181","PNQ","DEL","6E","M",643,2029094.46138745,1424.4628676759,6215.01226993865,-0.427562473677611,-1292.04041529023
"182","PNQ","DEL","6E","E",763,763014.27618188,873.506883877786,6098.25196850394,-0.210187401092822,-377.382372163954
"183","PNQ","DEL","6E","E",221,0,0,7068,NA,0
"184","PNQ","DEL","6E","E",671,1001842.53746254,1000.92084475374,6046.53846153846,-0.548408062771182,-1284.19380619381
"185","PNQ","DEL","G8","M",173,2804279.40639659,1674.59828209532,7353.14285714286,-0.290806851894459,-1033.54797441365
"186","PNQ","DEL","G8","E",171,2599207.26106893,1612.20571301212,6779.39316239316,-0.284451742865425,-1006.74692784564
"187","PNQ","DEL","G8","E",175,1071226.69151621,1035.00081715727,6958.37254901961,-0.34591775093701,-690.403805086391
"188","PNQ","DEL","SG","M",185,3203244.55574913,1789.76103314077,5417.125,-0.519900918547204,-1991.84668989547
"189","PNQ","DEL","SG","E",188,810229.424307036,900.127448924338,4756.85714285714,-0.278903002172088,-532.810234541578
"190","BLR","HYD","6E","M",457,797824.524436396,893.210235295362,3750.96598639456,-0.405743228222661,-761.055164728007
"191","BLR","HYD","6E","E",265,1559093.90100326,1248.63681709425,4466.91954022988,-0.332526903652801,-856.872167962262
"192","BLR","HYD","6E","E",357,326264.487421384,571.195664743163,4140.125,-0.675726967732739,-741.232704402516
"193","BLR","HYD","SG","M",1035,5809752.96286425,2410.34291395732,3781.14880952381,-0.352220292107139,-1801.80824449183
"194","BLR","HYD","SG","E",1038,2584472.18337151,1607.62936753827,3774.88513513513,-0.56849903900337,-1866.92354557948
"195","BOM","HYD","6E","M",319,412530.393868511,642.285290091959,2894.71830985915,-0.453977603984585,-639.754441845419
"196","BOM","HYD","6E","E",231,455827.295103487,675.14983159554,4359.83832335329,-0.613215414138018,-875.66323209437
"197","BOM","HYD","SG","M",704,456875.497938877,675.925660068381,1744.19047619048,-0.374528331906551,-537.27789623312
"198","BOM","HYD","SG","E",468,803376.830561478,896.312908844606,2644.36904761905,-0.420884499543836,-800.641222459133
"199","CCU","HYD","6E","M",353,1591774.96453006,1261.65564419538,8554.11728395062,-0.694674294278268,-1825.21904980316
"200","CCU","HYD","6E","E",539,4344169.77896233,2084.26720431003,9468.5119047619,-0.43915808836073,-1942.62800284293
"201","DEL","HYD","6E","M",738,1405881.16098574,1185.69859618106,4995.16560509554,-0.166238940249378,-423.080767587147
"202","DEL","HYD","6E","E",564,464620.988179388,681.631123247309,4507.98461538462,-0.04772349210954,-72.2559548559549
"203","DEL","HYD","6E","E",302,395948.530753968,629.244412572705,4631.90625,-0.364465883142636,-351.212301587302
"204","DEL","HYD","SG","E",126,631314.260554371,794.552868319265,2706.17857142857,-0.0802239778908389,-135.282729211087
"205","DEL","HYD","SG","M",124,3837090.89331343,1958.84937994564,4196.3734939759,-0.296550830568784,-1224.24904451643
"206","MAA","HYD","6E","M",872,1328399.24902552,1152.56203695312,2551.83544303797,-0.376162692451904,-927.5612618043
"207","MAA","HYD","6E","E",385,7055041.17586079,2656.13274816241,3582.59459459459,-0.862917908387196,-5083.87597186227
"208","MAA","HYD","6E","E",383,2552919.02056097,1597.78566164582,3336.24427480916,-0.3561333879201,-1071.09294843672
"209","MAA","HYD","SG","M",3714,4721056.90648308,2172.79932494537,3106.09523809524,-0.470687877761953,-1072.26391279403
"210","MAA","HYD","SG","E",3708,2365545.22459133,1538.03290751249,2546.29761904762,-0.421958916170245,-1377.37171286425
"211","MAA","HYD","SG","M",3706,590125.899260102,768.196523853175,1983.7380952381,-0.502917771276395,-783.162777461582
"212","BLR","MAA","6E","M",271,328149.690262971,572.843512892457,2039.70238095238,-0.57312614773927,-696.789481165601
"213","BLR","MAA","6E","E",232,104529.089699274,323.309588010121,1810.11363636364,-0.368049569727397,-236.739975803664
"214","BLR","MAA","6E","E",542,190720.281690141,436.715332556736,1870.33333333333,-0.472288209534271,-440.821596244131
"215","BLR","MAA","SG","M",3301,706733.235273133,840.674274183011,1656.28666666667,-0.283159569161565,-495.973556298774
"216","BLR","MAA","SG","E",3307,1981968.36958067,1407.82398387748,2171.97619047619,0.050832922087916,151.882871357498
"217","BLR","MAA","SG","M",1034,2518433.1968254,1586.95721329385,2956.05555555556,-0.477509157231139,-1000.40952380952
"218","BOM","MAA","6E","M",298,1215739.46666667,1102.60576212292,4704.5,-0.78814337136778,-1449.8
"219","BOM","MAA","6E","E",278,2242008.69637527,1497.33386269571,5948.32142857143,-0.217351454738252,-690.711300639659
"220","BOM","MAA","6E","M",964,727876.278515804,853.156655319411,4044.78378378378,-0.443042883531742,-801.075950526798
"221","BOM","MAA","G8","M",302,548436.261798152,740.564826195622,4053.8630952381,-0.472583792090551,-742.774982231699
"222","BOM","MAA","SG","M",614,735838.770007107,857.810451094592,3301.65476190476,-0.394561244032673,-718.325230987918
"223","BOM","MAA","SG","E",612,2453353.19115139,1566.31835561976,4723.44642857143,0.00897042168335928,29.8200426439232
"224","CCU","MAA","6E","M",527,702383.338252224,838.083133258404,5334.60204081633,-0.37934274371648,-594.272632129775
"225","CCU","MAA","6E","E",729,1274893.35348259,1129.11175420442,5429.70833333333,-0.367817196764348,-881.422885572139
"226","CCU","MAA","6E","M",797,819000.634121274,904.986538088426,5298.35714285714,-0.206503966082748,-390.06372045221
"227","DEL","MAA","6E","M",356,797607.949367089,893.088992971635,5336,-0.364480406561253,-840.329113924051
"228","DEL","MAA","6E","E",796,1712152.41822409,1308.49242192077,5969.74528301887,-0.513433937703875,-1459.31337744791
"229","DEL","MAA","6E","M",652,1470166.69969983,1212.50430914691,5509.02752293578,-0.395117581922611,-916.02917177525
"230","DEL","MAA","6E","E",286,372308.100708104,610.170550508711,5237.35483870968,-0.428184688779475,-533.461578809337
"231","DEL","MAA","6E","M",284,883337.396825397,939.860307080471,5857.55555555556,-0.319019662913828,-656.196825396825
"232","DEL","MAA","G8","M",302,2743774.37437811,1656.43423484849,15390.7916666667,-0.744901037784324,-2618.7144278607
"233","DEL","MAA","G8","E",339,1039066.17905897,1019.34595651279,15524.6134453782,-0.747918906018347,-1357.46168847286
"234","DEL","MAA","SG","M",102,2196192.63706468,1481.95567985844,4878.29166666667,-0.615378734856727,-1935.49950248756
"235","DEL","MAA","SG","E",108,983900.931769723,991.917804946419,4033.39285714286,-0.532765449734518,-1121.57185501066
"236","HYD","MAA","6E","M",384,14591287.6679104,3819.85440401993,4872.125,-0.643826118625236,-5219.5223880597
"237","HYD","MAA","6E","E",118,5365164.30902431,2316.28243291364,3153.05128205128,-0.565682704852004,-3073.95071595072
"238","HYD","MAA","6E","E",343,3254355.633457,1803.98326861892,3285.15503875969,-0.52792298378771,-1956.78731939794
"239","HYD","MAA","SG","M",3713,11043833.3333333,3323.2263439816,12286.5,0.283382313726792,321.666666666667
"240","HYD","MAA","SG","E",3707,770403.669616205,877.726420712174,2165.41071428571,-0.451164445507709,-840.445202558635
"241","HYD","MAA","SG","M",3705,11229260.1177116,3351.00882089433,3820.0875,-0.556313300837866,-3847.75493730408
"242","PNQ","MAA","6E","M",502,6094204.69791948,2468.64430364512,7030.2874251497,-0.48760398277798,-2545.94871518225
"243","PNQ","MAA","G8","E",451,4072864.03070362,2018.13379900928,6260.07142857143,-0.604834681356681,-2590.60980810235
"244","PNQ","MAA","SG","M",530,3819104.12224591,1954.25282966302,4698.40476190476,-0.69558847703097,-2885.01776830135
"245","BLR","PNQ","6E","M",391,7312510.93205402,2704.16547793474,6858.86904761905,-0.389946450819839,-2237.96659559346
"246","BLR","PNQ","6E","E",105,6952450.63104917,2636.7500129988,6875.44444444444,-0.332609102042773,-1877.34185056136
"247","BLR","PNQ","G8","E",242,6106547.88454158,2471.14303198774,7511.16071428571,-0.325537959612606,-1707.31982942431
"248","BLR","PNQ","SG","M",519,1951689.79413646,1397.02891671449,3520.94642857143,-0.356695274308014,-1057.59189765458
"249","DEL","PNQ","6E","E",402,1384913.77433059,1176.82359524722,6405.75373134328,-0.432262714699746,-1078.89638884231
"250","DEL","PNQ","6E","M",304,1797790.0108252,1340.81691920456,8286.22155688623,-0.451401372384211,-1280.13639387891
"251","DEL","PNQ","6E","E",202,36902.1098901099,192.099218869078,6449.57142857143,0.258198889747161,23.2527472527473
"252","DEL","PNQ","G8","E",172,1167055.71936745,1080.30353112792,6402.00595238095,-0.403840147610997,-925.914001421464
"253","DEL","PNQ","SG","M",182,1848486.87633262,1359.59070176749,7325.96428571429,-0.457749726098019,-1320.84434968017
"254","MAA","PNQ","6E","M",159,6878021.77622894,2622.598287239,7043.36184210526,-0.525093961725343,-2840.40711307973
"255","AMD","BOM","SG","E",635,372479.744136461,610.311186311099,1877.57142857143,-0.2151062217249,-278.62473347548
"256","BOM","AMD","SG","M",636,2947007.97146289,1716.68516958203,2856.8313253012,-0.650303548987,-2354.85385651367
"257","BOM","GOI","SG","M",611,1064409.84532033,1031.70240152882,1941.52173913043,-0.236867044822191,-517.154544223215
"258","BOM","GOI","SG","E",487,1000159.43963933,1000.07971664229,2588.75155279503,0.0339833173877204,71.9219829337668
"259","AMD","BOM","G8","M",365,4081047.19082365,2020.16018939678,4156.63461538462,-0.399385091508789,-1686.78778135048
"260","AMD","BOM","G8","E",369,1225645.4574388,1107.0887306078,3186.58598726115,-0.234224531082196,-543.821493254106
"261","BOM","AMD","G8","M",368,2839205.04750295,1684.99407936733,4296.3850931677,-0.770120211348522,-2746.11147230123
"262","BOM","AMD","G8","E",370,2396288.22409875,1547.99490441627,3616.81875,-0.664871258839206,-2170.24713949843
"263","BOM","GOI","G8","M",376,2770641.06669763,1664.52427639179,3236.10559006211,-0.0287178570215135,-101.158743058377
"264","BOM","IXC","G8","E",384,1316246.20816864,1147.27773802538,8789.75362318841,0.0110347800986882,25.9880895915679
"265","BOM","JAI","G8","M",388,529565.126603587,727.712255361683,4101.78881987578,-0.467368541082556,-719.747934443993
"266","BOM","JAI","G8","E",392,2019497.44932599,1421.09023264745,4902.70434782609,-0.364507395062406,-1083.91399278527
"267","BOM","NAG","G8","M",141,2172824.66566205,1474.05042846642,4811.96835443038,-0.671933300075808,-2072.58902953586
"268","DEL","LKO","G8","M",208,867246.839261044,931.260886787931,3427.936,-0.755102151751899,-1452.6516626506
"269","DEL","LKO","G8","E",188,1302400.38784079,1141.22757933761,4090.93167701863,-0.7428679261562,-1794.09372883652
"270","GOI","BOM","G8","M",375,2028840.75563553,1424.37381176275,3354.57763975155,-0.0656893254622912,-198.006772314777
"271","GOI","BOM","G8","E",379,477981.98099882,691.362409304136,2879.22360248447,-0.0282834670435454,-41.3808749830692
"272","IXC","BOM","G8","M",381,3343637.84711462,1828.56168808018,9938.28260869565,-0.0438537445832172,-164.610830039526
"273","JAI","BOM","G8","M",390,413871.115651787,643.328155494369,4170.53416149068,-0.360923641429435,-491.370581064608
"274","LKO","DEL","G8","M",189,1898569.8148755,1377.88599487603,3229.872,-0.675377983459048,-1922.40372690763
"275","LKO","DEL","G8","E",181,903775.3784176,950.671014819322,3105.49068322981,-0.789962052553928,-1589.27021535961
"276","NAG","BOM","G8","E",142,1527924.65981695,1236.09249646495,5034.54658385093,-0.750126587354681,-1962.2159013951
"277","AMD","BOM","6E","M",213,9117209.78343512,3019.47177225341,5716.98692810457,-0.73919738305535,-4637.84298724954
"278","AMD","BOM","6E","E",639,707076.270145171,840.878273084262,2651.65306122449,-0.331668423375047,-616.437618346308
"279","AMD","BOM","6E","E",433,281935.224899598,530.975729105953,2496.16666666667,-0.602365628230643,-593.666666666667
"280","AMD","BOM","6E","E",243,638030.116341213,798.767873879022,2698.88571428571,-0.255723237640238,-433.528468653649
"281","BOM","AMD","6E","M",958,1688547.59626748,1299.44126310791,3055.87591240876,-0.580995383502575,-1544.2878265287
"282","BOM","AMD","6E","E",216,10076049.5579128,3174.27937615969,8224.16993464052,-0.792875006761373,-5251.22365798779
"283","BOM","GOI","6E","E",418,511422.579919679,715.138154428694,2717.68,0.231585372107539,348.054457831325
"284","BOM","GOI","6E","E",192,2688600.34428795,1639.6951985927,4355.22222222222,-0.0269063793232303,-95.7527386541471
"285","BOM","IDR","6E","E",587,4454310.19328913,2110.52367750024,6362.51898734177,-0.5383907318649,-2377.72975688166
"286","BOM","IDR","6E","M",655,4393402.13076181,2096.0444009519,5700.35294117647,-0.588376818166152,-2523.61253616201
"287","BOM","IXC","6E","E",459,1295217.72442688,1138.07632627468,7950.23913043478,-0.0286767578580255,-66.9951778656126
"288","BOM","JAI","6E","M",695,360741.726315789,600.617787212291,5490.4,-0.718567891933862,-386.021052631579
"289","BOM","JAI","6E","E",254,1817762.4167489,1348.24419774346,5021.37888198758,-0.361391715873245,-1031.11716104565
"290","BOM","JAI","6E","M",218,726168.594310356,852.155264203863,4093.33112582781,-0.335835374012228,-597.222063320939
"291","BOM","NAG","6E","E",404,3267475.05156439,1807.61584734268,5445.47798742138,-0.670006826642293,-2544.24958831816
"292","BOM","VTZ","6E","M",608,3999265.91869352,1999.81647125268,8539.91925465839,-0.699165074478189,-2958.9057293783
"293","DED","BOM","6E","M",205,0,0,7832,NA,0
"294","DED","BOM","6E","M",964,4479327.23569749,2116.44211725657,9777.65625,-0.260075695217201,-1160.66869122257
"295","DEL","LKO","6E","M",769,333600.226524353,577.581359225134,3584.21678321678,-0.3709968324422,-439.629051650104
"296","DEL","LKO","6E","E",633,394530.951633987,628.116988811787,3861.73529411765,-0.590065566838313,-777.132461873638
"297","DEL","LKO","6E","E",185,703760.522406277,838.9043583188,4356.32258064516,-0.350870591405831,-527.947689625109
"298","DEL","LKO","6E","M",733,657021.501587302,810.568628548688,3280.38888888889,-0.883687538249115,-1434.14126984127
"299","IDR","BOM","6E","E",658,545229.169559413,738.396349909324,4691.85714285714,-0.148353847622529,-231.819314641745
"300","IXC","BOM","6E","M",247,6612141.84832675,2571.40853392197,10472.884057971,0.10234994538561,540.257496706192
"301","JAI","BOM","6E","M",207,527597.077742947,726.35878031655,4254.225,-0.162312310987399,-248.184090909091
"302","JAI","BOM","6E","E",696,473671.024808172,688.237622342874,4262.2602739726,-0.0505107673589824,-73.2437038083133
"303","JAI","BOM","6E","E",217,169553.36091954,411.768576896708,3625.53333333333,-0.807264550152267,-631.903448275862
"304","LKO","DEL","6E","M",444,2533117.2216415,1591.57696064045,3772.93055555556,-0.660291604933601,-2276.46472125436
"305","LKO","DEL","6E","E",528,838720.302836053,915.816740858155,3545.43055555556,-0.661509520396229,-1080.56905594406
"306","LKO","DEL","6E","E",792,624751.618104488,790.412308927744,3065.65168539326,-0.764313296784238,-1305.36024884149
"307","NAG","BOM","6E","M",543,5992709.41499514,2448.00110600366,5601.6855345912,-0.547758264106299,-2816.92246493264
"308","VTZ","BOM","6E","M",366,9754229.19357367,3123.1761387366,10263.3125,-0.55656623791533,-3665.34992163009
"309","DEL","BLR","6E","E",572,803970.439183673,896.6439868664,6181.64,-0.0923197294959433,-195.144489795918
"310","DEL","BLR","6E","E",946,288441.609929078,537.06760275507,5478.91666666667,-0.362352985951155,-369.001773049645
"311","DEL","BOM","6E","M",178,469997.830065359,685.563877450788,5527.22222222222,-0.604922147718011,-1172.02614379085
"312","DEL","BOM","6E","E",138,311370.833570413,558.006123237382,5645.36842105263,0.189423503624344,208.312944523471
"313","DEL","BOM","G8","E",343,188094.730568142,433.698893897762,5054.3947368421,-0.452886273891325,-362.624085047055
"314","HYD","BOM","6E","M",366,15066892.9805195,3881.60958630817,5638.46428571429,-0.715467416206398,-5862.92272727273
"315","DEL","CCU","6E","E",274,25072.3791763792,158.342600636655,4095.11111111111,-0.229442233775396,-72.7878787878788
"316","HYD","CCU","6E","E",538,793069.193050193,890.544324023343,6045.17857142857,-0.623420750512736,-1186.53153153153
"317","BLR","DEL","G8","E",325,0,0,6242,NA,0
"318","BOM","DEL","6E","M",993,174381.446808511,417.590046347504,4416.5,-0.625492570684461,-704.053191489362
"319","BOM","DEL","G8","E",346,261956.205261336,511.816573843927,5073.01851851852,-0.246245833513218,-256.658705434406
"320","CCU","DEL","6E","E",173,66782.9357429719,258.423945761556,4430.83333333333,-0.453029284756361,-192.144578313253
"321","CCU","DEL","6E","M",591,1541.33333333333,39.2598183048946,4721,-1,-45.3333333333333
"322","HYD","DEL","6E","M",841,0,0,4582,NA,0
"323","MAA","DEL","6E","M",443,667641.581609195,817.093373862006,4883.06666666667,-0.409729678782383,-367.618390804598
"324","BLR","HYD","6E","M",151,8392067.4,2896.90652248222,5429.25,-0.760973583629858,-1777.3
"325","MAA","HYD","6E","M",311,3718598.94736842,1928.36691201867,5461,-0.883172069571622,-1408.73684210526
"326","BOM","MAA","6E","M",782,0,0,3514,NA,0
"327","DEL","PNQ","6E","E",528,692381.621243885,832.094718913589,6157.03703703704,0.260726503482288,423.405310971349
"328","BOM","BLR","6E","M",424,0,0,5632,NA,0
"329","BOM","DEL","6E","M",181,3497780.75897436,1870.23548222526,6737.4,-0.726361963107442,-3121.93846153846
"330","CCU","HYD","6E","M",599,5386128,2320.80330920136,9874,-1,-7272
"331","BOM","AMD","6E","M",242,4978239.03296703,2231.19677145854,3448.57142857143,-0.896487551177565,-4398.32967032967
"332","MAA","BOM","6E","E",297,428190.405649717,654.362594934733,4646.63333333333,-0.0946607905126577,-105.324858757062
"333","BLR","DEL","6E","E",481,2744618.25108225,1656.68894216212,7149.81818181818,0.876279850445617,1938.77056277056
"334","BLR","DEL","6E","M",121,132114.285714286,363.475289000897,5926,0.904534033733291,291.428571428571
"335","HYD","DEL","6E","M",683,93653.4545454545,306.028519170117,3786,-0.7926239891046,-692.545454545455
"336","HYD","DEL","6E","E",635,0,0,4079,NA,0
"337","BOM","HYD","6E","M",608,90984.5143288085,301.636394237845,3294.26923076923,-0.659756941037844,-316.290346907994
"338","BOM","BLR","6E","M",482,706641.751633987,840.619861550979,3754.88888888889,-0.913722942165909,-541.346405228758
"339","BOM","DEL","6E","E",197,643297.96969697,802.058582459517,5036.16666666667,-0.675431315153795,-1225.04545454545
"340","BOM","AMD","6E","M",214,3522332.83516484,1876.78790361746,4424.71428571429,-0.874451690839945,-3257.42857142857
"341","CCU","BLR","6E","M",344,330851.323076923,575.196769007722,6424.6,-0.221504086345556,-227.892307692308
"342","BOM","DEL","G8","M",189,403418.181818182,635.152093453357,10077,-0.612372435695794,-234.545454545455
"343","BLR","HYD","6E","M",413,2847849.20615385,1687.55717122527,3903.61538461538,-0.605426279109179,-2261.25538461538
"344","BOM","AMD","6E","M",722,4790426.10526316,2188.70420689118,5289,-0.682850049587865,-2437.78947368421
"345","BOM","BLR","6E","E",566,397753.515789474,630.67702969862,4065.6,-0.285879591564664,-201.578947368421
"346","CCU","DEL","SG","M",251,0,0,3234,NA,0
"347","DEL","MAA","G8","E",451,449831.964166269,670.695135039959,14076.7608695652,-0.568945461297408,-439.20425226947
"348","AMD","BOM","G8","E",365,21845.3333333333,147.801668912544,4527,NA,0
"349","LKO","DEL","6E","M",634,374071.001782531,611.613441466529,2908.70588235294,-0.486501548110158,-470.133689839572
"350","DEL","CCU","6E","M",296,0,0,4123,NA,0
"351","BLR","DEL","6E","M",115,692447.151515151,832.134094671737,5574.66666666667,-0.98563659803576,-2460.54545454545
"352","BOM","MAA","6E","M",495,1115187.51515152,1056.02439136202,4018.90909090909,-0.790234358651698,-1035.97402597403
"353","HYD","BLR","6E","E",316,358207.176811594,598.504115952091,3103.39130434783,0.0101923850825562,14.7729468599034
"354","BOM","CCU","G8","E",102,10712805.9368421,3273.04230599638,13601.6,-0.994343618418411,-9987.96842105263
"355","MAA","DEL","G8","E",171,2879942.01573499,1697.03919098381,8154.88571428571,0.0382286716575391,117.3966873706
"356","DEL","HYD","6E","M",644,1649378.4,1284.28127760238,9326,NA,0
"357","PNQ","BLR","6E","M",102,0,0,16476,NA,0
"358","MAA","CCU","6E","M",526,0,0,4209,NA,0
"359","DEL","HYD","6E","E",684,83247.5151515152,288.526454855556,4254.66666666667,-0.978231976089037,-710.30303030303
"360","BOM","BLR","6E","M",464,94784.2142857143,307.870450491297,3322.25,0.765444111121318,677.607142857143
"361","PNQ","DEL","6E","M",769,749.066666666667,27.3690823131991,5946.2,0.466569474815843,9.42222222222222
"362","BOM","DEL","6E","M",179,0,0,4675,NA,0
"363","DEL","HYD","6E","M",846,0,0,4450,NA,0
"364","DEL","MAA","6E","M",964,0,0,5917,NA,0
"365","DEL","MAA","G8","E",341,0,0,14569,NA,0
"366","JAI","BOM","6E","M",416,0,0,3234,NA,0
"367","DEL","BLR","6E","M",774,120.333333333333,10.9696551146029,4710.5,0,0
"368","HYD","BLR","6E","M",266,0,0,3780,NA,0
"369","MAA","DEL","6E","E",355,1669334.4,1292.02724429479,5338,-0.942809041582063,-2001.6
"370","BLR","BDQ","9W","M",397,3918652.49771441,1979.55866235745,7969.36813186813,-0.132075049671831,-552.525565343747
"371","BOM","BDQ","9W","M",397,903763.677895922,950.664860976739,3667.85057471264,-0.452552911063535,-913.686508330849
"372","BOM","BDQ","9W","E",461,1013813.89677509,1006.88325876195,3534.79591836735,-0.377084631227225,-764.061990666574
"373","DEL","BDQ","AI","E",820,4410308.1143594,2100.07335928043,5004.11515151515,-0.27627404180111,-1198.78865248227
"374","BOM","BLR","9W","M",410,489105.225166303,699.360583080219,3832.79850746269,-0.360676012947542,-528.325311644027
"375","BOM","BLR","9W","M",478,487621.718181818,698.299160948814,3957.25,-0.486756234079466,-729.804545454545
"376","BOM","BLR","9W","E",416,730364.874061718,854.613874250657,4520.45454545455,0.338692044485161,457.974979149291
"377","BOM","BLR","9W","E",7146,678283.635630043,823.579768832408,4115.61111111111,-0.1943121535092,-370.281812538796
"378","BOM","BLR","9W","E",382,486234.031746032,697.304834162242,4233.42857142857,-0.742689937355461,-1122.55026455026
"379","BOM","BLR","9W","E",442,146421.6,382.650754605293,3938.5,-0.742391431906335,-469.3
"380","BOM","BLR","AI","M",640,784051.816993464,885.467005028117,4354.48148148148,-0.432633735565265,-796.119252379314
"381","BOM","BLR","AI","E",608,1616360.85199005,1271.361810025,4779.29166666667,-0.372356010566476,-993.619900497512
"382","BOM","BLR","UK","M",875,454609.473401555,674.24733844603,4409.37714285714,-0.541721367128626,-773.481571837904
"383","CCU","BLR","9W","M",7048,13907623.6746251,3729.29265070806,7793.67630057803,-0.470158061501566,-3732.46460584737
"384","CCU","BLR","AI","M",772,5266875.50663938,2294.96743040928,7451.73714285714,-0.624092187193512,-3033.05326238232
"385","DEL","BLR","9W","M",818,680134.873399175,824.70290007928,5754.88970588235,0.100528827397167,186.862329064467
"386","DEL","BLR","9W","M",839,613765.103840683,783.431620398796,7261.63157894737,0.0899966478190814,56.2844950213371
"387","DEL","BLR","9W","E",7120,2155227.35806681,1468.0692620128,6530.7380952381,-0.25338769314506,-799.333617626155
"388","DEL","BLR","9W","E",816,966724.266666667,983.22137215719,7301.4,-0.456435464587638,-423.111111111111
"389","DEL","BLR","AI","M",804,329699.550599621,574.19469746735,6689.4693877551,0.184170610899391,223.380601725226
"390","DEL","BLR","AI","M",505,778787.114146588,882.489158090108,7172.15873015873,-0.229763965038654,-414.381964206665
"391","DEL","BLR","AI","E",87,1736172.40540541,1317.63895108084,7279.75,0.174733319095994,485.689189189189
"392","DEL","BLR","AI","E",503,1135190.87044025,1065.45336380353,7684.15,-0.4187515605526,-868.411949685535
"393","DEL","BLR","AI","E",173,242624.976356976,492.569768009544,6445.5641025641,-0.101840560163475,-105.949383949384
"394","DEL","BLR","UK","M",868,904291.674871795,950.942519225949,6573.80666666667,-0.368471951660513,-726.05502787068
"395","DEL","BLR","UK","E",836,2669451.75001228,1633.84569345219,6574.58857142857,-0.353146847693664,-1221.85912402783
"396","HYD","BLR","9W","E",2803,571162.494786966,755.752932370736,3663.53543307087,-0.598543524424964,-974.355233263826
"397","HYD","BLR","9W","E",2741,235527.740350877,485.312003097881,3241.41666666667,-0.0476978702309937,-40.5719298245614
"398","HYD","BLR","AI","M",513,43440813.8294228,6590.964559867,7160.55428571429,-0.580560020570637,-8103.0938027016
"399","HYD","BLR","AI","E",977,485422.261512336,696.722513998462,3174.74647887324,-0.777894201451057,-1114.22635101388
"400","HYD","BLR","AI","E",516,7946203.35897436,2818.90109066891,5066.05769230769,-0.631813953323454,-3850.8138238573
"401","MAA","BLR","9W","M",2304,22620.9004329004,150.402461525403,2088.03896103896,-0.12205087568924,-37.5631949749597
"402","MAA","BLR","9W","M",2306,7742.45644807654,87.99122938155,2014.37931034483,0.0884253841455345,15.926649392067
"403","MAA","BLR","9W","E",2314,121585.379790941,348.690951690664,2172.28571428571,-0.248379287874497,-116.278745644599
"404","MAA","BLR","9W","E",2738,12378.8579413135,111.260316111871,2184.78947368421,0.13894547757616,29.8388448998603
"405","MAA","BLR","9W","E",2310,13219.8769230769,114.977723594951,2043.55384615385,-0.661425279806821,-173.434704830054
"406","PNQ","BLR","9W","E",7051,4327948.72514122,2080.37225638615,5140.94857142857,-0.11398366470661,-502.155742939009
"407","PNQ","BLR","AI","M",513,39362361.9028859,6273.94309050424,10029.0945945946,-0.546083031951541,-7374.23014200641
"408","BDQ","BOM","9W","M",341,1060238.8821425,1029.67901898723,3647.29310344828,-0.383888260592745,-839.473715591772
"409","BDQ","BOM","9W","E",343,210861.569321534,459.196656479045,4761,-0.247934306100768,-236.914454277286
"410","BLR","BOM","9W","M",7145,1075656.01430456,1037.13837760665,4535.73717948718,-0.1770546189336,-381.138593453706
"411","BLR","BOM","9W","E",495,727348.658899402,852.847383122797,4182.32191780822,0.2943503764258,517.321046933107
"412","BLR","BOM","AI","M",639,3536477.07636364,1880.55233279046,6226.88,-0.122002957538627,-539.888080808081
"413","BLR","BOM","AI","M",603,4017226.52183133,2004.30200364898,6018.984,0.0705016992590472,280.57497188755
"414","BLR","BOM","AI","E",607,2354728.65773642,1534.51251468876,5695.15328467153,-0.0731755917697809,-229.998983984385
"415","BLR","BOM","AI","E",609,120680.236491228,347.390610827679,4653.76315789474,-0.218248587175273,-155.301754385965
"416","BLR","BOM","UK","E",850,530700.571428571,728.491984464188,4930.08571428571,0.0609533123087603,94.0322554236594
"417","CCU","BOM","9W","M",484,1632823.94393531,1277.81999668784,8097.57142857143,-0.670756423793004,-1819.93800539084
"418","CCU","BOM","9W","E",625,1216963.34122955,1103.16061442999,8441.77777777778,-0.432612649294072,-1087.67851099831
"419","CCU","BOM","9W","E",617,363269.255315441,602.718222153139,8063.32894736842,-0.308119644450075,-337.959393516905
"420","CCU","BOM","AI","M",675,10192886.5721163,3192.63003996959,11141.1542857143,-0.402863176131591,-2723.71042161277
"421","CCU","BOM","AI","E",774,5614627.3221449,2369.52048358838,9398.51428571429,-0.337773966017554,-1694.88956201392
"422","DEL","BOM","9W","M",355,1643330.58823529,1281.92456417501,6082.66666666667,-0.434990791915153,-784.078431372549
"423","DEL","BOM","9W","M",339,237542.354605165,487.383170211247,5208.59482758621,-0.171866708196924,-169.017129422302
"424","DEL","BOM","9W","E",357,223712.33584992,472.982384291339,5623.44680851064,-0.275532593490416,-251.602379318234
"425","DEL","BOM","9W","E",361,315428.719115232,561.630411494278,5200.6568627451,-0.154521891595535,-171.665604172704
"426","DEL","BOM","9W","E",353,164999.613793103,406.201444843693,5588.8,-0.366761837618732,-204.606896551724
"427","DEL","BOM","AI","M",809,200834.663354037,448.145805909234,5713.94285714286,-0.349157887877738,-348.39751552795
"428","DEL","BOM","AI","M",864,1586918.71538462,1259.72961995208,6481.05,-0.415188805086093,-1204.89615384615
"429","DEL","BOM","AI","M",806,142016.134328358,376.850281051186,5783.5,0.334130221719549,286.776119402985
"430","DEL","BOM","AI","M",348,265476.151282051,515.243778499121,6079.05,-0.244936829911768,-180.496153846154
"431","DEL","BOM","AI","M",635,101651.787241689,318.828774174617,5570.05660377359,-0.0588193213616543,-25.2873315363881
"432","DEL","BOM","AI","E",660,426565.117443235,653.119527684814,5800.45045045045,-0.0556974265477833,-70.978394684277
"433","DEL","BOM","AI","E",101,53662.8021778584,231.652330395916,4794.93103448276,-0.598980324301864,-311.894736842105
"434","DEL","BOM","UK","M",930,483372.771573604,695.250150358563,6850,-0.441362306314883,-611.081218274112
"435","DEL","BOM","UK","M",970,882073.733530847,939.187805250285,6788.53947368421,0.0155430747571052,31.8832345765075
"436","DEL","BOM","UK","E",996,1060003.43507538,1029.56468231742,6430.89,-0.217945907647441,-448.540552763819
"437","DEL","BOM","UK","E",940,782624.019358742,884.66039775653,6222.34482758621,-0.399599005576966,-623.612825166364
"438","DEL","BOM","UK","E",988,968660.05733397,984.205292270861,6333.82608695652,-0.342552558847402,-659.411371237458
"439","HYD","BOM","9W","M",9921,0,0,3280,NA,0
"440","HYD","BOM","9W","M",457,5725846.11141989,2392.87402748659,6433.32374100719,-0.223074160889231,-1042.63600238942
"441","HYD","BOM","9W","M",7082,59050927.3297683,7684.46011960296,10335.9411764706,-0.760672100482547,-10376.9696969697
"442","HYD","BOM","9W","E",7079,107927.758995816,328.523604929411,2912.8,-0.203978735304818,-144.480334728033
"443","HYD","BOM","9W","E",7018,78761.4625521268,280.644726571027,2876.52727272727,0.296410610195085,142.307089241034
"444","HYD","BOM","AI","M",615,11326856.3057225,3365.53952669144,5207.61714285714,-0.456963843854651,-3256.8015718379
"445","HYD","BOM","AI","E",619,187797.442150712,433.356022400418,3322.33606557377,-0.00151326623831466,-1.33798826148553
"446","HYD","BOM","AI","E",50,1389776.19407008,1178.88769357818,3028.64150943396,-0.252529625611129,-466.966397124888
"447","MAA","BOM","9W","M",350,1401713.31325301,1183.93974223903,5499.5,-0.593696607942697,-1233.65060240964
"448","MAA","BOM","9W","M",465,2152111.1518137,1467.00755001933,5677.70689655172,-0.398873043826575,-1180.99186445738
"449","MAA","BOM","9W","E",7013,436817.828771029,660.921953615576,4422.44047619048,0.429736824492072,579.738665526091
"450","MAA","BOM","9W","E",467,1728341.98642534,1314.6642105212,5151.88461538462,-0.163191797918948,-285.094268476621
"451","MAA","BOM","9W","E",487,719147.244040404,848.025497282012,4528.78,0.325304788303687,623.82101010101
"452","MAA","BOM","AI","M",671,15585559.6923077,3947.85507488658,6152,-0.723765429606215,-4402.15384615385
"453","MAA","BOM","AI","M",570,2076591.69861407,1441.03840983302,5884.30357142857,0.00751460544962491,23.1584221748401
"454","MAA","BOM","AI","E",94,3071700.07878838,1752.62662275465,5960.21714285714,-0.199099363532285,-738.948276708964
"455","PNQ","BOM","9W","M",618,0.744489795918367,0.8628382211738,7882.48,-0.187905040617975,-0.32
"456","BLR","CCU","9W","M",662,1991850.86693878,1411.32946789145,8015.48,-0.910381805290405,-3047.59020408163
"457","BLR","CCU","9W","E",7049,23021917.8068833,4798.1160685089,8507.83908045977,-0.347440772869638,-3530.45016396701
"458","BLR","CCU","AI","E",771,28794160.1095702,5366.01901874846,9236.56,-0.268581627612863,-3051.9911747851
"459","BOM","CCU","9W","M",618,907454.411764706,952.604016244266,6993.3125,-0.448060722412882,-907.992156862745
"460","BOM","CCU","9W","E",628,1185999.4302893,1089.03600963848,7368.51315789474,-0.469548314321644,-960.769257581039
"461","BOM","CCU","9W","E",610,1597857.57115068,1264.06391102297,8208.21951219512,-0.157905275478815,-443.791111776148
"462","BOM","CCU","AI","M",676,4061847.38383954,2015.40253642778,8316.12,-0.325937990695232,-1395.67220630373
"463","DEL","CCU","9W","M",7143,115331.098645202,339.60432659965,4899.31609195402,0.0268868554761039,19.3915995892544
"464","DEL","CCU","9W","E",904,338735.400452375,582.009794120662,5317.37572254335,-0.466684667316448,-574.942833207674
"465","DEL","CCU","AI","M",763,63585.809039548,252.16226727952,5579.23333333333,-0.560861347413875,-327.607344632768
"466","DEL","CCU","AI","M",21,49512.8037643778,222.514727073014,5490.86842105263,-0.283188473515984,-132.879574764726
"467","DEL","CCU","AI","M",733,100377.822913361,316.824593289979,5650.95652173913,0.119745189276254,76.3325928276737
"468","DEL","CCU","AI","E",23,17832.9618591934,133.540113296318,5448.22857142857,-0.278327992157433,-72.619002050581
"469","DEL","CCU","AI","E",701,7758.38047276465,88.0816693345707,5413.47142857143,-0.203797796939817,-42.1169578622816
"470","HYD","CCU","AI","E",526,3644651.79585755,1909.0971153552,6971.26857142857,-0.173338187149375,-700.772476463365
"471","MAA","CCU","9W","E",7153,141615.18543178,376.317931318426,4800.56896551724,-0.561169098189789,-447.22617509689
"472","MAA","CCU","AI","E",765,1212882.02125256,1101.3092305309,5411.57714285714,0.0567644325037402,132.385476872697
"473","BDQ","DEL","AI","E",819,1198379.7089193,1094.70530688368,4405.95705521472,-0.464607183011703,-1050.78365266635
"474","BLR","DEL","9W","M",817,1171972.01932367,1082.57656510922,6436.26086956522,0.0248427499604068,52.5661835748792
"475","BLR","DEL","9W","M",807,1510727.85432357,1229.11669678821,6822.60833333333,0.423149969161006,1103.00948396095
"476","BLR","DEL","9W","M",837,2491392.83116883,1578.41465755005,7675.42857142857,-0.340738231337349,-1240.29090909091
"477","BLR","DEL","9W","E",827,463716.140350877,680.967062603528,5788.57894736842,-0.0254639480409973,-36.6877192982456
"478","BLR","DEL","9W","E",811,1156433.53816425,1075.37599850669,6560.13043478261,0.325252476877774,703.286956521739
"479","BLR","DEL","9W","E",834,1640484.7201426,1280.81408492513,6162.64705882353,0.492086446147003,1203.20499108734
"480","BLR","DEL","9W","E",7132,1109910.26212833,1053.52278671528,6741.86111111111,0.568940653350949,943.708920187793
"481","BLR","DEL","9W","E",819,1325381.04725966,1151.25194777671,6427.01886792453,0.222564615385681,581.577717879605
"482","BLR","DEL","AI","M",803,778343.970925079,882.238046632018,6715.80672268908,0.0470941485342261,85.3149664929263
"483","BLR","DEL","AI","M",506,1727074.30501931,1314.18199082901,7078.03571428571,0.282133593813542,753.854568854569
"484","BLR","DEL","AI","E",504,2097037.65080946,1448.11520633183,7496.78181818182,0.212645093876388,651.419178082192
"485","BLR","DEL","AI","E",88,23389175.6936709,4836.2356945946,9920.45,-0.246168611124727,-2578.87658227848
"486","BLR","DEL","UK","M",889,1132963.16704571,1064.40742530561,6710.84666666667,-0.419849333343998,-926.002586399108
"487","BLR","DEL","UK","E",813,12273072.3341465,3503.29449720496,9157.77714285714,-0.116973187660868,-867.79618501842
"488","BOM","DEL","9W","M",332,1550179.77573222,1245.06215737698,5750.2,-0.379612254165425,-906.379916317992
"489","BOM","DEL","9W","M",302,3118693.89220246,1765.98241559832,5957.11627906977,-0.305137804870439,-1328.41121751026
"490","BOM","DEL","9W","E",356,239136.333333333,489.015678003613,5198.5,1,282.333333333333
"491","BOM","DEL","9W","E",384,208727.319156997,456.866850577931,4784.08737864078,-0.509928078297313,-454.171773620649
"492","BOM","DEL","9W","E",334,131164.431578947,362.166303759678,4921.7,-0.348806324600651,-290.968421052632
"493","BOM","DEL","9W","E",362,343235.515777395,585.863052067115,4939.04761904762,-0.627860446313587,-794.857716580608
"494","BOM","DEL","AI","M",865,165132.93015873,406.365513003663,5269.61111111111,-0.474356078228237,-253.957142857143
"495","BOM","DEL","AI","M",349,1547041.25285714,1243.80113075087,4751.875,-0.595885625377861,-1521.25571428571
"496","BOM","DEL","AI","M",887,215717.23396988,464.45369410726,5127.59649122807,-0.456090179434808,-464.085079956528
"497","BOM","DEL","AI","E",441,185595.128813559,430.807531054831,4758.7,-0.631110283182906,-355.027118644068
"498","BOM","DEL","AI","E",24,543260.726153846,737.062226785396,5320.61538461538,-0.0380232163503465,-57.4246153846154
"499","BOM","DEL","AI","E",315,76996.4505175984,277.482342713187,4373.88571428571,-0.317606155306976,-142.929192546584
"500","BOM","DEL","UK","M",943,4309490.33333333,2075.93119667616,5494.16666666667,-0.73381413262193,-4474.80303030303
"501","BOM","DEL","UK","M",975,4711417.65810105,2170.58002803422,6250.85416666667,-0.358848988223835,-1584.04028745645
"502","BOM","DEL","UK","E",977,717497.021538462,847.05195917279,5484.69230769231,-0.00665410495089196,-15.6215384615385
"503","BOM","DEL","UK","E",981,524933.842610063,724.523182934862,5768.6375,-0.178484521117367,-281.936006289308
"504","BOM","DEL","UK","E",993,578662.613796199,760.698766790245,5778.36585365854,-0.331599181889971,-489.229088732605
"505","CCU","DEL","9W","M",7140,431394.813483324,656.80652667534,4655.25157232704,-0.400704799514249,-544.991627482491
"506","CCU","DEL","9W","E",7142,802579.141252558,895.867814609141,5020.81714285714,-0.248154274447304,-470.782660663119
"507","CCU","DEL","AI","M",401,2898969.14346988,1702.63593979156,5870.50289017341,-0.352904423825231,-1269.01466029991
"508","CCU","DEL","AI","E",764,5723712.28753299,2392.42811543691,6011.17543859649,-0.349334132175021,-1565.74103400093
"509","CCU","DEL","AI","E",22,919618.540948188,958.967434769392,5834.04504504505,-0.472333227493098,-1014.61187884717
"510","HYD","DEL","9W","E",649,1133475.51203914,1064.64806957,4617.7724137931,-0.225082822458687,-493.88461997375
"511","HYD","DEL","AI","M",560,19092.5366097293,138.175745374249,4403.21126760563,0.402437193193913,113.248626510838
"512","HYD","DEL","AI","M",542,121987.409433257,349.266960122564,4507.77319587629,-0.247270681441794,-188.552374338978
"513","HYD","DEL","AI","E",126,108956.251411453,330.085218407994,4433.28787878788,-0.0121010531838388,-7.8866228828206
"514","HYD","DEL","AI","E",839,221508.901408451,470.647321684136,4680.33333333333,-0.0136875238883926,-15.7136150234742
"515","HYD","DEL","UK","M",829,1067209.26437282,1033.05820957622,4700.10416666667,-0.0752979590635859,-161.026567944251
"516","HYD","DEL","UK","E",879,429193.954655295,655.128960324069,4666.94047619048,0.281931492326503,391.999715707178
"517","MAA","DEL","9W","M",821,140133.274315667,374.343791608285,4901.58823529412,0.113320323011113,86.3890506697729
"518","MAA","DEL","9W","M",735,486845.292102271,697.742998604981,5145.8547008547,-0.100332444317295,-151.19305968233
"519","MAA","DEL","9W","E",832,1699524.12506739,1303.65797856163,6050.57142857143,0.383861117685906,971.12884097035
"520","MAA","DEL","AI","M",439,602721.377397071,776.35132343358,5584.56363636364,0.0313876765585374,52.0595192042001
"521","MAA","DEL","AI","E",42,2972691.92440705,1724.14962355564,7201.23853211009,0.0123634878647834,44.9070730985499
"522","MAA","DEL","AI","E",540,1444672.80718528,1201.94542604283,6213.66101694915,-0.0570222501526942,-146.414022888599
"523","PNQ","DEL","9W","M",7072,733242.489402698,856.295795506843,6458.33333333333,-0.389141910602982,-752.674373795761
"524","PNQ","DEL","9W","M",365,263613.875623035,513.433418880223,6160.01234567901,-0.287111673942669,-274.926155969634
"525","PNQ","DEL","9W","E",369,599516.561422709,774.284548097603,6793.16279069767,-0.558027192871392,-834.92366621067
"526","PNQ","DEL","9W","E",367,716525.817294282,846.478480112921,6749.41666666667,-0.055392373285309,-101.283821478382
"527","PNQ","DEL","AI","M",851,3829221.43226724,1956.83965420451,6895.69047619048,-0.118295933107529,-491.292821606254
"528","PNQ","DEL","AI","E",853,2525723.56969926,1589.25251917348,7611.52892561983,-0.339672434074596,-1048.50869311752
"529","PNQ","DEL","AI","E",849,3831980.34225578,1957.54446750407,7560.04255319149,-0.409042469828976,-1998.76298329902
"530","PNQ","DEL","UK","E",991,1566072.63056148,1251.42823628104,6934.11904761905,-0.121304046911203,-322.178535891969
"531","BLR","HYD","9W","M",2742,1169076.54818311,1081.23843262395,4461.39877300614,-0.581027709658526,-1322.86933459179
"532","BLR","HYD","9W","E",2802,4754244.59559731,2180.42303133986,5582.41212121212,-0.519698667417725,-2379.26020079212
"533","BLR","HYD","AI","M",515,17818052.9578894,4221.14356044537,5802.13,-0.600341451368489,-5604.92613065327
"534","BLR","HYD","AI","M",978,401046.013071895,633.281938059104,2742.17647058824,-0.680936593390588,-857.999128540305
"535","BLR","HYD","AI","E",514,39305796.0809886,6269.43347368713,10599.5240963855,-0.704905031068067,-9313.83401885488
"536","BOM","HYD","9W","M",458,1591552.694371,1261.56755442228,3945.53020134228,-0.405949980005333,-1000.94809391454
"537","BOM","HYD","9W","E",7019,437668.942752486,661.565524156516,3373.79591836735,-0.413623543900969,-605.923181580324
"538","BOM","HYD","9W","E",452,903443.48215366,950.496439842707,4055.48275862069,-0.656413191602774,-1066.28917120387
"539","BOM","HYD","9W","E",7080,833627.754290876,913.032175934056,3406.73170731707,-0.511688577402016,-988.848238482385
"540","BOM","HYD","AI","M",620,3817765.94879964,1953.91042496826,4248.3829787234,-0.437175062979093,-1616.43918534532
"541","BOM","HYD","AI","M",616,14006232.9366516,3742.49020528466,5730.34615384615,-0.722546763463037,-7032.97360482655
"542","BOM","HYD","AI","E",618,9464536.28673051,3076.44864847936,6357.74418604651,-0.613904114905508,-4247.27496580027
"543","BOM","HYD","AI","E",51,2461031.08857831,1568.76737873348,4881.424,-0.466080893283383,-1512.69265863454
"544","CCU","HYD","AI","M",525,18641386.6166311,4317.56721043589,11113.2142857143,-0.132790734906516,-1216.80852878465
"545","DEL","HYD","9W","M",644,9294076.2119403,3048.61873836994,6151.75,-0.314536765452658,-2035.11940298507
"546","DEL","HYD","9W","E",650,727035.140242038,852.663556299927,5123.02994011976,-0.0112614296579871,-20.429123734513
"547","DEL","HYD","AI","M",543,14742488.3506348,3839.5948159454,8165.63461538462,-0.410658470614619,-3692.55899925317
"548","DEL","HYD","AI","M",559,4633449.43006419,2152.5448729502,6437.72413793103,-0.183431467376935,-759.700701597253
"549","DEL","HYD","AI","E",127,1472758.11559252,1213.57245996789,4885.98461538462,-0.323252192854454,-793.953964953965
"550","DEL","HYD","AI","E",541,393198.978531073,627.055801768131,5898.26666666667,0.40289370015233,579.968361581921
"551","DEL","HYD","UK","M",830,1029619.84625436,1014.70185091699,6067.47916666667,-0.0371350135400444,-78.0030487804878
"552","DEL","HYD","UK","E",870,639734.55167022,799.834077587483,5531.27380952381,0.113639323852603,192.905188343994
"553","MAA","HYD","AI","M",988,564307.644529384,751.204129733978,2832.78260869565,-0.618384140794728,-1035.2967032967
"554","MAA","HYD","AI","E",546,2732397.94399431,1652.99665577227,3595.61904761905,-0.313057827542672,-1098.27704335466
"555","PNQ","HYD","9W","M",2822,412367.456438474,642.158435620427,4706.46107784431,-0.516949749059937,-702.666630702559
"556","PNQ","HYD","9W","E",2574,10351792.8679048,3217.42021935352,9949.0243902439,-0.155036660852102,-1047.16916536138
"557","BLR","MAA","9W","M",2301,213652.835713314,462.225957420518,2283.52325581395,-0.673688727876819,-673.143886848905
"558","BLR","MAA","9W","M",2753,169520.127725857,411.728220706156,2119.72222222222,-0.0853429034633079,-74.9522326064382
"559","BLR","MAA","9W","E",2305,48861.126984127,221.045531472878,1934.35714285714,0.284267621807481,22.3915343915344
"560","BLR","MAA","9W","E",2307,110771.842610063,332.824041514526,2107.8625,0.0757952294884254,48.2542452830189
"561","BLR","MAA","9W","E",2379,54839.1649717514,234.177635507218,1921.43333333333,-0.233365412531816,-121.853107344633
"562","BLR","MAA","9W","E",2309,81622.8392603129,285.697111046494,2436.15789473684,0.410187962790806,165.613086770982
"563","BOM","MAA","9W","M",7012,994230.450154162,997.111052067001,4379.71428571429,-0.318888092007692,-615.693730729702
"564","BOM","MAA","9W","M",466,1626202.02114165,1275.22626272425,4670.45454545455,-0.552463339392149,-1386.88794926004
"565","BOM","MAA","9W","M",489,760993.566716642,872.349452178794,4429.22413793103,-0.255759559191869,-441.194302848576
"566","BOM","MAA","9W","E",470,542794.680063459,736.746007836798,5065.51612903226,-0.460215918665623,-636.336858804865
"567","BOM","MAA","9W","E",468,2954777.99028472,1718.94676772863,6105.27731092437,-0.189900801109185,-698.515689820232
"568","BOM","MAA","AI","M",569,20211539.7282161,4495.72460546863,6927.59523809524,-0.38804518253239,-3702.51954513149
"569","BOM","MAA","AI","E",93,10743784.3023454,3277.7712400876,7362.32142857143,-0.39914196023162,-2776.65159914712
"570","CCU","MAA","9W","M",7152,2286731.65540156,1512.19431800333,5547.68452380952,-0.500223687798778,-1605.41464108031
"571","CCU","MAA","AI","E",766,907143.76119403,952.440948927559,5833.5,-0.29710967560496,-600.579104477612
"572","DEL","MAA","9W","M",822,2565833.14480948,1601.82182055604,6756.17964071856,-0.0978211167909307,-331.413892934851
"573","DEL","MAA","9W","E",830,2517087.0779755,1586.53303715224,6454.68867924528,-0.150542682465939,-503.65653223643
"574","DEL","MAA","9W","E",831,1193498.95436664,1092.47377742747,6421.14516129032,-0.179428287753277,-360.729871492263
"575","DEL","MAA","AI","M",440,4800774.62334729,2191.06700567264,7354.73563218391,-0.217616114961932,-973.035147166301
"576","DEL","MAA","AI","M",430,1035728.10683425,1017.70727954272,6353.65671641791,-0.077672806898892,-168.039501739423
"577","DEL","MAA","AI","M",143,281320.698412698,530.396736804346,5068.42857142857,0.095681382994524,104.719576719577
"578","DEL","MAA","AI","E",43,1107656.54901961,1052.45263504806,6307.375,-0.0354632917669398,-80.2117647058824
"579","DEL","MAA","AI","E",539,3254575.42025316,1804.04418467319,7688.35,-0.55435616811859,-2047.70632911392
"580","HYD","MAA","AI","E",987,497444.160397074,705.297214227502,2328.52272727273,-0.473525013174809,-684.966039707419
"581","PNQ","MAA","9W","M",2491,734347.87456446,856.940998298284,5072.33333333333,-0.224881077853359,-413.83275261324
"582","PNQ","MAA","9W","E",493,1851387.26865672,1360.65692540652,6158.25,-0.444876266627249,-1284.70447761194
"583","BLR","PNQ","9W","M",7052,4819605.03900308,2195.35988826504,4589.99401197605,-0.240777882824684,-1118.01132869396
"584","BOM","PNQ","9W","E",617,914188.056147832,956.131819441144,8053.22619047619,0.288093870303099,584.611229566453
"585","DEL","PNQ","9W","M",364,917252.196859903,957.732842111987,7342.375,-0.175916403276237,-332.471014492754
"586","DEL","PNQ","9W","M",374,552712.62992126,743.446453970466,7079.75,0.420846243287504,736.055118110236
"587","DEL","PNQ","9W","E",7071,418804.490750988,647.151057135031,6271.21739130435,0.0541941079392098,70.801581027668
"588","DEL","PNQ","AI","M",852,57628973.2499217,7591.37492486847,16584.3515151515,-0.142328702121225,-2304.68160633693
"589","DEL","PNQ","AI","E",854,2694038.29202428,1641.35258004619,6952.21167883212,-0.410813273825956,-1436.87920109088
"590","DEL","PNQ","AI","E",850,754567.678476996,868.658551144808,6246.83870967742,-0.200515900934393,-365.277102062401
"591","DEL","PNQ","UK","E",992,1454875.19115139,1206.18207213977,7116.05357142857,-0.44443098258953,-1137.71257995736
"592","HYD","PNQ","9W","M",2573,2170091.64677678,1473.12309288015,7033.22699386503,-0.346980473988148,-1066.29646059462
"593","HYD","PNQ","9W","E",2821,238406.223738451,488.268597944257,4438.7619047619,-0.441384840624903,-457.395167022033
"594","MAA","PNQ","9W","E",494,5855822.51169154,2419.88068129227,6565.70833333333,-0.36154749181458,-1856.8407960199
"595","AMD","BOM","9W","M",2001,687388.846324871,829.089166691298,2932.26016260163,-0.389886548447115,-658.532171893148
"596","AMD","BOM","9W","M",7207,807069.685534591,898.370572500341,3276.22222222222,-0.398584890422473,-515.689727463312
"597","AMD","BOM","9W","E",323,656545.343863319,810.274856985776,3207.39166666667,-0.187390911198434,-331.163354253835
"598","AMD","BOM","9W","E",385,328890.987719298,573.49018101385,2985.95833333333,-0.291039625013447,-325.246929824561
"599","BOM","AMD","9W","M",411,1285138.17528958,1133.6393497447,3572.9,-0.415967644978851,-962.376447876448
"600","BOM","AMD","9W","E",330,1938133.63797183,1392.16868157987,3750.86746987952,-0.471024114501302,-1388.14206675645
"601","BOM","GOI","9W","M",7144,1181975.84513783,1087.18712517111,3249.78832116788,-0.0327573090587594,-72.2853667014251
"602","BOM","GOI","9W","M",496,866188,930.692215504137,3776,-0.656863332868303,-1022.12
"603","BOM","GOI","9W","M",2374,155407.085714286,394.217054063223,2993.33333333333,-0.476690371769732,-520.971428571429
"604","BOM","GOI","9W","E",2385,734640.577673456,857.11176498369,4756.52482269504,-0.355307497729329,-596.785063476439
"605","BOM","GOI","9W","E",427,1911438.66666667,1382.54788946592,4108.11111111111,-0.295379547561113,-1106.83647798742
"606","BOM","IDR","9W","M",7178,56384289.4328358,7508.94729192021,8105,-0.493141684580727,-7858.97910447761
"607","BOM","IDR","9W","E",7045,21993316.1940404,4689.70320959018,6374.73780487805,-0.346436974233106,-3376.024315656
"608","BOM","IXC","9W","E",472,4942147.92776346,2223.09422377088,9878.51748251748,0.0283869877119795,130.111544595755
"609","BOM","JAI","9W","M",2383,1205148.48367488,1097.7925503823,4428.89156626506,-0.556060420983407,-1294.99686965384
"610","BOM","JAI","9W","E",2054,499384.137247159,706.671166276903,4130.77570093458,-0.339845765098821,-472.927471370278
"611","BOM","JAI","9W","E",454,5348231.42745098,2312.62435934827,6224.96666666667,-0.577679470241746,-3182.88179271709
"612","BOM","NAG","9W","E",7134,9564543.81494558,3092.65966684755,9242.74698795181,-0.590665542446425,-3895.07523750592
"613","BOM","VTZ","9W","E",980,333235.005880132,577.2651088366,5500.19760479042,-0.56983736362443,-699.849634065203
"614","DEL","LKO","9W","M",2466,2122623.42649146,1456.92258767975,4989.13253012048,0.0373384913510576,114.647035270993
"615","DEL","LKO","9W","E",2638,1719549.24022455,1311.31584304642,5647.51388888889,-0.0336786156813131,-91.6077235772358
"616","DEL","LKO","9W","E",7151,983554.808510638,991.7433178553,5630,-0.779562758621324,-1866.42553191489
"617","GOI","BOM","9W","M",7147,914158.105856977,956.116157094407,3182.34959349594,0.565288486478983,1095.80341795255
"618","GOI","BOM","9W","M",446,60080.8734299517,245.114000885204,2857.4347826087,-0.591214120815325,-357.530434782609
"619","GOI","BOM","9W","E",426,885470.667768301,940.994509956515,3351.22023809524,0.243170452024846,485.638663823738
"620","IDR","BOM","9W","M",7016,10871093.3949893,3297.13411844125,6256.91071428571,-0.0270910470351967,-189.573560767591
"621","IDR","BOM","9W","E",7103,12116444.1351533,3480.86830189728,5452.21951219512,-0.139305033303939,-1007.60513164765
"622","IXC","BOM","9W","M",489,136786561.08706,11695.5786982543,15557.5069444444,0.117482482820414,2844.3587398374
"623","JAI","BOM","9W","M",2055,565099.787739836,751.73119380523,4327.41916167665,-0.387868191631262,-618.853122583662
"624","JAI","BOM","9W","E",416,355313.922281563,596.082143904314,4231.10778443114,-0.446876322569341,-565.372012731294
"625","LKO","DEL","9W","M",2457,3947983.15126341,1986.95323328543,5843.62962962963,-0.214032333247905,-890.764624437522
"626","LKO","DEL","9W","M",644,2637900.67184481,1624.16152886491,4682.69298245614,-0.396520642789005,-1212.26883839555
"627","LKO","DEL","9W","E",2637,1029009.97135114,1014.40128713993,4170.27777777778,-0.423798605295523,-891.743321718931
"628","NAG","BOM","9W","M",7171,17218225.2585963,4149.48493895282,6488.96341463415,-0.394456175338793,-3458.04147087342
"629","VTZ","BOM","9W","M",979,554968.990499763,744.962408782996,5658.15662650602,-0.376949015379897,-599.077166672733
"630","AMD","BOM","AI","M",331,7134483.98988842,2671.0454863009,2680.95833333333,-0.304464434927619,-1641.70327754533
"631","AMD","BOM","AI","E",144,39508.6617981521,198.767859067184,3057.77976190476,-0.219648735175869,-92.6595593461265
"632","BOM","AMD","AI","M",131,64257.8135968379,253.491249546879,2787.89130434783,-0.24348859968283,-120.571936758893
"633","BOM","AMD","AI","M",614,7702981.05762712,2775.42448242194,4241.6,-0.96166912113425,-7071.72542372881
"634","BOM","AMD","AI","E",191,8846406.7938877,2974.29097330569,4184.84523809524,-0.447726985529225,-2826.25984363895
"635","BOM","GOI","AI","M",684,6260829.89836532,2502.16504219153,4483.84523809524,-0.272776195643973,-1448.56432125089
"636","BOM","GOI","AI","E",662,11907404.405311,3450.71071017421,5101.48148148148,-0.705935057561795,-6279.10971348707
"637","BOM","GOI","AI","E",84,920078.39246864,959.207168691227,3048.0780141844,0.237005218461375,461.157593195528
"638","BOM","IDR","AI","E",636,4656042.92316268,2157.78657961409,7663.95808383234,-0.309350609430585,-1415.21281760803
"639","BOM","NAG","AI","M",628,15841604.2856787,3980.15128929526,7993.52976190476,-0.616819506676993,-5210.4237384506
"640","BOM","NAG","AI","E",630,5077631.09921819,2253.35995775602,6109.70238095238,-0.48589317968022,-2323.73574982232
"641","DEL","LKO","AI","M",412,11249781.9095593,3354.06945508875,6937.47023809524,-0.572891708901115,-4078.11954513149
"642","DEL","LKO","AI","E",812,12987925.4196162,3603.87644344478,6399.53571428571,-0.449044573825115,-3434.58848614072
"643","GOI","BOM","AI","M",83,328688.282267235,573.313424112182,3327.89880952381,0.224483374056732,273.143994314144
"644","GOI","BOM","AI","E",661,776024.354046039,880.92244496666,3305.58219178082,-0.00858143560391731,-16.5435672927553
"645","GOI","BOM","AI","E",683,100543.408033827,317.085805475153,3399.18181818182,-0.335512682318409,-143.200845665962
"646","IDR","BOM","AI","M",635,8715418.48173922,2952.18876119723,7427.55688622754,-0.134897763948689,-846.486936037834
"647","LKO","DEL","AI","M",411,22021528.9144852,4692.71018863142,7455.08333333333,-0.703885923710988,-7223.02356020942
"648","LKO","DEL","AI","M",992,44085346.0402098,6639.6796639755,11392.4583333333,-0.555920002121067,-7522.7127039627
"649","LKO","DEL","AI","E",811,23532138.1172708,4850.99351857646,7160.32142857143,-0.774433635999125,-7973.15607675906
"650","NAG","BOM","AI","M",627,6366197.0869936,2523.13239585116,5290.10714285714,-0.523253886758638,-2801.99829424307
"651","NAG","BOM","AI","E",629,3870308.27107321,1967.30990722692,6050.55952380952,-0.610675222002119,-2549.75493958778
"652","VTZ","BOM","AI","M",651,43540498.5991792,6598.52245576078,7893.41860465116,-0.485177060531836,-6819.11901504788
"653","BOM","BLR","9W","M",7001,921281.123188406,959.833903958599,3911.91666666667,-0.377395534105001,-439.340579710145
"654","BOM","BLR","AI","M",604,139818.535384615,373.923167755911,3832.84615384615,-0.548806005507269,-469.956923076923
"655","DEL","BOM","9W","M",9914,523885.727272727,723.799507648857,6364.5,-0.222331273009999,-185.818181818182
"656","DEL","BOM","AI","M",866,1220084.57846154,1104.57438792575,6141.46153846154,-0.66474439557194,-2086.36307692308
"657","MAA","BOM","9W","E",461,1221028.80952381,1105.00172376509,6037.92857142857,-0.45760083086098,-1123.31481481481
"658","BOM","CCU","9W","M",626,617511.030885381,785.81870102803,7031.25531914894,-0.456798526043976,-747.335163578129
"659","BLR","DEL","9W","M",7128,470640.857142857,686.032693931461,6626.5,1,1270.28571428571
"660","BOM","DEL","AI","E",102,396333.703967168,629.550398274172,5276.11627906977,-0.519790157723084,-524.223255813954
"661","BOM","DEL","AI","E",624,110743.428571429,332.781352499548,5530,0.340328820055005,148.285714285714
"662","BOM","DEL","AI","E",317,607502.981018981,779.424775728217,4615.07692307692,-0.836241477637273,-1326.06193806194
"663","PNQ","DEL","9W","E",363,423411.377777778,650.700682170979,6401.6,-0.982277683736378,-1174.71111111111
"664","BOM","HYD","AI","M",966,15281.6171052632,123.618837987028,2466.9375,-0.285711708280892,-70.4282894736842
"665","BOM","MAA","9W","E",462,2252802.5015873,1500.93387648734,6070.88888888889,-0.576836333472228,-1055.31428571429
"666","BOM","AMD","9W","M",328,3249294.66666667,1802.58000284777,4008,-0.677615005992292,-1865.09090909091
"667","AMD","BOM","AI","M",130,0,0,1972,NA,0
"668","BOM","BDQ","9W","E",344,121584.842512077,348.690181267092,4435.95652173913,-0.542932761277075,-405.652173913043
"669","BOM","BLR","9W","M",412,0,0,4309,NA,0
"670","BOM","BLR","AI","E",610,0,0,9864,NA,0
"671","DEL","BLR","9W","M",7006,218053.437908497,466.961923403286,6104.55555555556,0.614192268639994,245.385620915033
"672","MAA","BLR","9W","M",2308,0,0,1981,NA,0
"673","MAA","BLR","9W","E",2312,8009.99275362319,89.4985628578649,2007.41666666667,-0.280602825868195,-66.6159420289855
"674","CCU","BOM","9W","M",629,3635324.85263158,1906.65278764425,8104.3,-0.80867585042215,-1549.95789473684
"675","CCU","BOM","9W","M",619,2246574.11764706,1498.85760419296,7676.33333333333,-0.735611700210608,-2010.05882352941
"676","DEL","BOM","9W","M",333,1521889.44927536,1233.64883547765,5677.33333333333,-0.652979526866205,-1226.66666666667
"677","DEL","BOM","9W","M",390,0.168421052631579,0.410391340834062,5871.2,0.662122191971731,0.231578947368421
"678","DEL","BOM","AI","E",310,140572.726153846,374.93029506009,5352.38461538462,-0.141890615832483,-118.48
"679","DEL","BOM","AI","E",314,39325.0549450549,198.305458686984,4922.14285714286,0.0715015694766752,23.2417582417582
"680","BLR","DEL","9W","E",7007,1133878.4,1064.83726456205,8663.5,-0.290305719194441,-222.2
"681","BOM","DEL","9W","E",373,154924.233846154,393.604158827309,5352.92307692308,0.00406076478757699,2.89538461538462
"682","BOM","DEL","AI","E",602,199152.941176471,446.265550066853,5247.33333333333,0.357336516868839,488.627450980392
"683","BLR","BOM","9W","M",397,1849798.88253968,1360.07311661531,7965.55555555556,0.754688146625801,2308.24761904762
"684","BLR","BOM","9W","E",7206,173145.87012987,416.108002963017,4183.81818181818,-0.0626202733182287,-42.1515151515151
"685","DEL","BOM","AI","E",658,488715.555555556,699.081937655062,5762,-0.542248331009103,-732.444444444444
"686","BOM","DEL","AI","M",665,0,0,4794,NA,0
"687","MAA","DEL","9W","E",739,461648.738366989,679.447377187512,6452.08823529412,-0.396166810798284,-714.798946444249
"688","MAA","DEL","AI","M",429,0,0,6264,NA,0
"689","BLR","MAA","9W","M",2311,101504.263636364,318.597337773503,2096.75,-0.208047970018279,-110.681818181818
"690","BLR","MAA","9W","E",2303,0,0,1821,NA,0
"691","BLR","MAA","9W","E",2737,78021.1038406828,279.322580255666,1932.36842105263,-0.576203113374583,-237.786628733997
"692","BOM","AMD","9W","M",7208,10080467.1157895,3174.97513624744,7116.8,-0.829498404732809,-5329.28421052632
"693","GOI","BOM","9W","M",479,27536.3720930233,165.940869266806,2581,-0.26435206407811,-79.8372093023256
"694","DEL","BLR","9W","M",824,0,0,6265,NA,0
"695","CCU","BOM","9W","M",615,1827199.46280193,1351.73942119106,7659.21739130435,-0.252794554056623,-733.429951690821
"696","BOM","AMD","9W","E",324,0,0,10397,NA,0
"697","DEL","BOM","9W","M",331,347616.527472527,589.59013515537,5765.28571428571,-0.657073228227648,-878.549450549451
"698","BLR","DEL","AI","E",174,351852.316734694,593.171405864017,7118.64,0.0556000060352024,55.7469387755102
"699","CCU","DEL","9W","M",903,594093.350806452,770.774513594249,4741.0625,-0.51353625177164,-928.877016129032
"700","DEL","PNQ","9W","E",372,876982.55819209,936.473469027335,6528.86666666667,-0.519963910149721,-887.919774011299
"701","BLR","BOM","9W","E",477,996588.898461538,998.292992293114,4549.53846153846,-0.412524041488614,-981.48
"702","DEL","HYD","AI","E",840,188314.285714286,433.951939406066,6162.14285714286,0.57282196186948,195
"703","MAA","BLR","9W","E",2736,0,0,1981,NA,0
"704","DEL","BOM","9W","M",337,2517297.84615385,1586.59945989965,7352,-0.676682350041055,-2262.15384615385
"705","BOM","DEL","9W","M",336,6592238.45652174,2567.53548301124,6202.25,-0.677362813067354,-3757
"706","BOM","DEL","AI","M",657,61094.696969697,247.173414771284,5323.16666666667,-0.4152273992687,-96.2121212121212
"707","HYD","DEL","9W","E",643,67121.2600422833,259.07771043122,4319.36363636364,-0.216281276296577,-71.0739957716702
"708","DEL","BOM","AI","E",888,101867.368421053,319.166678118272,5424,0.927685555668556,708.526315789474
"709","DEL","BOM","9W","M",346,0,0,5024,NA,0
"710","DEL","BOM","9W","E",309,0.25974025974026,0.509647191437625,5024.45454545455,-0.753440576876485,-0.398268398268398
"711","BOM","BDQ","9W","E",7344,0,0,3552,NA,0
"712","BDQ","BOM","9W","E",7343,0,0,3914,NA,0
"713","BLR","BOM","9W","E",483,216853.511111111,465.67532800344,3957.2,-0.123785394541944,-42.5333333333333
"714","DEL","BOM","9W","M",301,190857.6,436.872521452197,5307,-0.987829161147262,-1240.8
"715","HYD","BOM","9W","M",453,77316.3185483871,278.058120809997,2728.9375,-0.00176370596970347,-0.346774193548387
"716","BOM","HYD","9W","M",349,585204.625396825,764.986683149991,3115.94444444444,-0.322620716051737,-212.260317460317
"717","BOM","MAA","9W","M",464,0,0,4254,NA,0
"718","AMD","BOM","9W","M",329,54835.9788359788,234.170832590182,2327.14285714286,0.102241946722593,19.4708994708995
"719","BOM","AMD","9W","M",738,290572.069264069,539.047372003676,2545.45454545455,-0.19273709337284,-71.2034632034632
"720","BOM","IDR","9W","E",2386,0,0,4399,NA,0
"721","IDR","BOM","9W","E",2385,0,0,5290,NA,0
"722","MAA","BOM","9W","M",463,50680.8342245989,225.124041862701,4554.11764705882,0.584954581641769,114.010695187166
"723","BOM","CCU","9W","E",616,882585.319073084,939.460121065862,7949.88235294118,-0.271503962149139,-282.158645276292
"724","BOM","BLR","9W","E",448,64059.45,253.099683919202,3660.625,-0.325702374530961,-92.625
"725","BOM","DEL","9W","E",9919,0,0,4775,NA,0
"726","AMD","BOM","9W","M",327,0.285714285714286,0.534522483824849,4656.5,-1,-0.285714285714286
"727","BDQ","BOM","9W","M",349,0,0,4972,NA,0
"728","BOM","DEL","9W","E",312,0.266666666666667,0.516397779494322,4775.33333333333,0.866025403784439,0.4
"729","MAA","BLR","9W","M",2302,0,0,2245,NA,0
"730","BOM","DEL","AI","E",805,134408.333333333,366.617420935412,4996.5,0,0
"731","DEL","BLR","9W","E",812,0,0,6159,NA,0
"732",NA,NA,NA,NA,NA,NA,NA,NA,NA,NA
